{
  "project_info": {
    "project_number": "261834965731",
    "firebase_url": "https://chatroom-ee501-default-rtdb.firebaseio.com",
    "project_id": "chatroom-ee501",
    "storage_bucket": "chatroom-ee501.appspot.com"
  },
  "client": [
    {
      "client_info": {
        "mobilesdk_app_id": "1:261834965731:android:af8d0ff621214934c33bd6",
        "android_client_info": {
          "package_name": "com.carleton.chattime"
        }
      },
      "oauth_client": [
        {
          "client_id": "261834965731-ejhg42l9das7hclo0nkr2c2t489u83j3.apps.googleusercontent.com",
          "client_type": 1,
          "android_info": {
            "package_name": "com.carleton.chattime",
            "certificate_hash": "cf2863106353369a7d3b15615949e3c713505597"
          }
        },
        {
          "client_id": "261834965731-e59lkq6am7nvif9tvbl3tmi3dl6varok.apps.googleusercontent.com",
          "client_type": 3
        }
      ],
      "api_key": [
        {
          "current_key": "AIzaSyAm--G2xUVVjyJhKlgAvtidvL9HmUztLC0"
        }
      ],
      "services": {
        "appinvite_service": {
          "other_platform_oauth_client": [
            {
              "client_id": "261834965731-e59lkq6am7nvif9tvbl3tmi3dl6varok.apps.googleusercontent.com",
              "client_type": 3
            }
          ]
        }
      }
    },
    {
      "client_info": {
        "mobilesdk_app_id": "1:261834965731:android:125919496c1d2696c33bd6",
        "android_client_info": {
          "package_name": "com.example.firebase"
        }
      },
      "oauth_client": [
        {
          "client_id": "261834965731-jc5ep8sac4e2jibu5bt64eht6v7a2fod.apps.googleusercontent.com",
          "client_type": 1,
          "android_info": {
            "package_name": "com.example.firebase",
            "certificate_hash": "cf2863106353369a7d3b15615949e3c713505597"
          }
        },
        {
          "client_id": "261834965731-e59lkq6am7nvif9tvbl3tmi3dl6varok.apps.googleusercontent.com",
          "client_type": 3
        }
      ],
      "api_key": [
        {
          "current_key": "AIzaSyAm--G2xUVVjyJhKlgAvtidvL9HmUztLC0"
        }
      ],
      "services": {
        "appinvite_service": {
          "other_platform_oauth_client": [
            {
              "client_id": "261834965731-e59lkq6am7nvif9tvbl3tmi3dl6varok.apps.googleusercontent.com",
              "client_type": 3
            }
          ]
        }
      }
    }
  ],
  "configuration_version": "1"
}